Title,Link,Date
Web Scraper 0.6.0 - Pagination Selector and More!,/blog/0.6.0-release,"September 01, 2021"
Most Frequently Asked Questions Answered.,/blog/frequently-asked-questions,"August 02, 2021"
Automatized Crypto Visualization with the New Web Scraper Cloud Data Export Feature,/blog/google-data-export-feature,"June 14, 2021"
Why Should You Scrape Customer Reviews?,/blog/scraping-customer-reviews,"June 01, 2021"
Brief History of Web Scraping,/blog/brief-history-of-web-scraping,"May 14, 2021"
Web Scraper Cloud Data Quality and Notification Feature,/blog/data-quality-control,"April 30, 2021"
The Ultimate Web Scraping Guide.,/blog/ultimate-web-scraping-guide,"March 15, 2021"
Fast-track your online Shopify business,/blog/webscraper-shopify-import,"February 17, 2021"
Extracting Data at Scale Using Web Scraper Cloud.,/blog/scrape-at-scale,"November 24, 2020"
Top 5 CSS Selectors You Need to Know.,/blog/css-selectors,"November 06, 2020"
Scraping E-commerce the Fastest Way,/blog/sitemap-scraping-selector,"September 29, 2020"
Scraping E-commerce through Brands,/blog/scraping-brands,"September 24, 2020"
Scraping E-commerce the Classical Way,/blog/scraping-the-classical-way,"September 16, 2020"
Data Transformation with OpenRefine,/blog/OpenRefine-data-transfromation,"August 27, 2020"
Web Scraper 0.5.0 Release,/blog/0.5.0-release,"August 21, 2020"
Data Cleaning with OpenRefine,/blog/data-transformation-with-Open-Refine,"August 14, 2020"
Introduction to OpenRefine,/blog/OpenRefine-Introduction,"July 28, 2020"
Data Transformation with Web Scraper.,/blog/data-transformation-with-Web-Scraper,"July 06, 2020"
In Need of Data?,/blog/web-scraper-collaboration,"June 05, 2020"
3 Ways In Which Web Scraping Can Improve Your Business And Save You Time.,/blog/data-extraction-for-business,"May 29, 2020"
The Instrumental Role of Big Data in Our Lives,/blog/the-role-of-big-data,"May 12, 2020"
The Importance of Data Visualization,/blog/Data-Visualization-Google-Data-Studio,"April 29, 2020"
Coronavirus Pandemic Google Trends Analysis,/blog/coronavirus-pandemic-google-trends-analysis,"April 08, 2020"
Is Sports Arbitrage Betting Real?,/blog/sports-arbitrage-betting,"March 09, 2020"
The Ultimate Tool for Big Data Access Using Google Sheets,/blog/Query-Function-Of-Google-Sheets,"February 03, 2020"
Web Scraper Cloud Parser feature release,/blog/parser-release,"December 23, 2019"
How to find all the local restaurants in Yellow Pages using Web Scraper,/blog/scrape-yellowpages.com,"September 02, 2019"
Web Scraper 0.4.0 release,/blog/web-scraper-0.4.0-release,"April 17, 2019"
